{
  "rotation": [
    [
      1.0,
      2.6289746191952753e-14,
      -3.3097675542215574e-14
    ],
    [
      -2.6289746191952753e-14,
      1.0,
      -2.1782003839534927e-14
    ],
    [
      3.3097675542215574e-14,
      2.1782003839534927e-14,
      1.0
    ]
  ],
  "translation": [
    [
      1.6940456150758105e-14
    ],
    [
      1.1809160515731824e-14
    ],
    [
      -2.2784963461877086e-14
    ]
  ]
}