{
  "camera_matrix": [
    [
      1081.3518887034477,
      0.0,
      503.2431103481457
    ],
    [
      0.0,
      1087.2102270858013,
      389.8888974160634
    ],
    [
      0.0,
      0.0,
      1.0
    ]
  ],
  "dist_coeffs": [
    [
      -0.3849572147398907,
      0.2913132646346004,
      -0.000971241323337211,
      -0.0006500706108435642,
      -0.11378477978829542
    ]
  ]
}