{
  "camera_matrix": [
    [
      1635.2139320584938,
      0.0,
      491.70552818049805
    ],
    [
      0.0,
      1649.261285014665,
      563.1537334218066
    ],
    [
      0.0,
      0.0,
      1.0
    ]
  ],
  "dist_coeffs": [
    [
      -0.7783523102247556,
      0.805830549333204,
      -0.0010772652725541043,
      -0.023382106177638144,
      5.428755128684437
    ]
  ]
}