{
  "camera_matrix": [
    [
      1084.5581207020903,
      0.0,
      396.9566288777321
    ],
    [
      0.0,
      1096.4221539054233,
      394.12188684102887
    ],
    [
      0.0,
      0.0,
      1.0
    ]
  ],
  "dist_coeffs": [
    [
      -0.4342501698447082,
      0.4374503110656183,
      -0.0015619894083689551,
      0.0036684626844795767,
      -0.24472922059690175
    ]
  ],
  "rotation_vectors": [
    [
      [
        0.11748804188490547
      ],
      [
        -0.12002136827187905
      ],
      [
        -1.5713116677618206
      ]
    ],
    [
      [
        0.29912741404661464
      ],
      [
        -0.4347996004762058
      ],
      [
        -1.6179497032442485
      ]
    ],
    [
      [
        0.2072636710948239
      ],
      [
        -0.2770143390347394
      ],
      [
        -1.5667109393255616
      ]
    ],
    [
      [
        -0.7092550208116281
      ],
      [
        0.8373374300888095
      ],
      [
        -1.446951271077213
      ]
    ],
    [
      [
        -0.6169405694211916
      ],
      [
        0.43099262961739326
      ],
      [
        -1.5203804765052324
      ]
    ],
    [
      [
        -0.7566555757331712
      ],
      [
        -0.539989090189448
      ],
      [
        -1.414267717605222
      ]
    ],
    [
      [
        0.349271696806192
      ],
      [
        0.47814967490307
      ],
      [
        -1.5747871133121738
      ]
    ],
    [
      [
        -0.25991957386369346
      ],
      [
        0.5578578363344802
      ],
      [
        -1.47981101354274
      ]
    ],
    [
      [
        -0.2630159277963308
      ],
      [
        0.39531365616234
      ],
      [
        -1.569095228159876
      ]
    ]
  ],
  "translation_vectors": [
    [
      [
        -0.057272758722060994
      ],
      [
        0.014397733462878
      ],
      [
        0.5438828783474572
      ]
    ],
    [
      [
        -0.04117495614455359
      ],
      [
        0.054797722601456274
      ],
      [
        0.4403368261698467
      ]
    ],
    [
      [
        -0.06305615781260658
      ],
      [
        0.030802677686538948
      ],
      [
        0.502765420966088
      ]
    ],
    [
      [
        -0.017246799962261066
      ],
      [
        0.032557928512097684
      ],
      [
        0.5864757625530441
      ]
    ],
    [
      [
        0.1483630297573025
      ],
      [
        0.08209819516382356
      ],
      [
        0.48960618463484973
      ]
    ],
    [
      [
        -0.020226490995797573
      ],
      [
        0.029579665611394947
      ],
      [
        0.46186388660758815
      ]
    ],
    [
      [
        -0.030446245471626224
      ],
      [
        0.05518058800543706
      ],
      [
        0.4166717468559941
      ]
    ],
    [
      [
        -0.23756502358963744
      ],
      [
        -0.0983124169704506
      ],
      [
        0.8507958910869904
      ]
    ],
    [
      [
        -0.1041545470517704
      ],
      [
        0.014310552520401589
      ],
      [
        0.5031222954873649
      ]
    ]
  ]
}