{
  "camera_matrix": [
    [
      1084.5582197461088,
      0.0,
      396.9565747836734
    ],
    [
      0.0,
      1096.422263490768,
      394.12206260283654
    ],
    [
      0.0,
      0.0,
      1.0
    ]
  ],
  "dist_coeffs": [
    [
      -0.43425050903270435,
      0.43745100013604044,
      -0.0015619621313520916,
      0.0036684992921046937,
      -0.24472981603504165
    ]
  ]
}