{
  "camera_matrix": [
    [
      1081.351931279377,
      0.0,
      503.24308280888977
    ],
    [
      0.0,
      1087.2102580661729,
      389.88880849450794
    ],
    [
      0.0,
      0.0,
      1.0
    ]
  ],
  "dist_coeffs": [
    [
      -0.38495725519585405,
      0.29131295558148523,
      -0.0009713217982991812,
      -0.0006500813492399818,
      -0.1137841215152717
    ]
  ],
  "rotation_vectors": [
    [
      [
        0.05918124749179015
      ],
      [
        -0.05538492054708726
      ],
      [
        -1.549173940056115
      ]
    ],
    [
      [
        0.39147227882750707
      ],
      [
        -0.5933640566117797
      ],
      [
        -1.6284048180109139
      ]
    ],
    [
      [
        0.21712423223481805
      ],
      [
        -0.35343694072440573
      ],
      [
        -1.5628257148491367
      ]
    ],
    [
      [
        -0.9995472826414665
      ],
      [
        0.7117141539001637
      ],
      [
        -1.4577994098620992
      ]
    ],
    [
      [
        -0.7887534330270363
      ],
      [
        0.5515722675284487
      ],
      [
        -1.4706851718829086
      ]
    ],
    [
      [
        -0.445073788779975
      ],
      [
        -0.6398907224499335
      ],
      [
        -1.564091040822382
      ]
    ],
    [
      [
        0.2568521800643845
      ],
      [
        0.3146719693414857
      ],
      [
        -1.5390611192010106
      ]
    ],
    [
      [
        -0.4552189271042037
      ],
      [
        0.5832001099280709
      ],
      [
        -1.4942947712383625
      ]
    ],
    [
      [
        -0.231263699462064
      ],
      [
        0.3388205150974098
      ],
      [
        -1.579501287643958
      ]
    ],
    [
      [
        0.661745422032004
      ],
      [
        -0.5971672483283935
      ],
      [
        -1.3946761808470736
      ]
    ]
  ],
  "translation_vectors": [
    [
      [
        -0.07005046392519057
      ],
      [
        0.023329377389966485
      ],
      [
        0.5061453403696192
      ]
    ],
    [
      [
        -0.06374255433097982
      ],
      [
        0.056073595986226306
      ],
      [
        0.3443588994443608
      ]
    ],
    [
      [
        -0.08597436271587483
      ],
      [
        0.04576659463913413
      ],
      [
        0.36322365484959107
      ]
    ],
    [
      [
        0.000842753882867425
      ],
      [
        0.09621791131684312
      ],
      [
        0.566955020471723
      ]
    ],
    [
      [
        0.1315021124469271
      ],
      [
        0.13878037586271696
      ],
      [
        0.5229521098964618
      ]
    ],
    [
      [
        -0.10147871917396675
      ],
      [
        -0.0016029854558986631
      ],
      [
        0.4692690029529988
      ]
    ],
    [
      [
        -0.08971908814446898
      ],
      [
        0.06285111323455062
      ],
      [
        0.4102115555867445
      ]
    ],
    [
      [
        -0.19506833849233307
      ],
      [
        0.012069657462841082
      ],
      [
        0.5914477723653557
      ]
    ],
    [
      [
        -0.13565977104968854
      ],
      [
        0.023382952926745342
      ],
      [
        0.49350920940487014
      ]
    ],
    [
      [
        -0.053240646891369564
      ],
      [
        0.05578124352329568
      ],
      [
        0.3386380816476203
      ]
    ]
  ]
}